industry_name,employment_2021,employment_2025,actual_ks_change,national_growth_effect,industry_mix_effect,competitive_effect,difference_check
Manufacturing,158395.0,173843.33333333334,15448.333333333343,17351.583918529563,-11568.33582612054,9665.085240924322,-1.8189894035458565e-12
Construction,59639.666666666664,69994.33333333333,10354.666666666664,6533.3039618662015,1170.9980303739626,2650.3646744265,0.0
"Agriculture, Forestry, Fishing and Hunting",12266.333333333334,12791.666666666666,525.3333333333321,1343.731255443605,-1605.1847634472063,786.7868413369335,-2.2737367544323206e-13
Other Services,31569.333333333332,37257.666666666664,5688.333333333332,3458.303207710887,1857.9871570623804,372.04296856006493,0.0
Information,16225.0,17169.333333333332,944.3333333333321,1777.3884849783274,-1027.834975000656,194.77982335566062,1.1368683772161603e-13
Retail Trade,138341.33333333334,140036.33333333334,1695.0,15154.779221153474,-13102.948082889528,-356.8311382639469,1.1368683772161603e-12
"Mining, Quarrying, and Oil and Gas Extraction",5589.333333333333,6026.0,436.66666666666697,612.2907060321847,251.9947390763481,-427.61877844186586,0.0
"Professional, Scientific, and Technical Services",71604.66666666667,79290.0,7685.3333333333285,7844.025269894903,404.24623379379716,-562.9381703553723,9.094947017729282e-13
Utilities,6130.333333333333,5898.0,-232.33333333333303,671.5552465790738,-48.707435544556965,-855.1811443678498,-1.1368683772161603e-13
Real Estate and Rental and Leasing,14835.333333333334,15562.0,726.6666666666661,1625.1556633270764,13.704739873757342,-912.1937365341677,1.1368683772161603e-13
Wholesale Trade,55024.666666666664,57732.666666666664,2708.0,6027.747853504106,-1548.6991064112165,-1771.0487470928902,0.0
Educational Services,14141.333333333334,14708.333333333334,567.0,1549.1305410728417,1041.9052447261859,-2024.0357857990273,-2.2737367544323206e-13
Finance and Insurance,58035.0,57859.0,-176.0,6357.518688796131,-4468.045981934688,-2065.4727068614434,4.547473508864641e-13
Management of Companies and Enterprises,21366.666666666668,21596.0,229.33333333333212,2340.63897045939,232.3387233109042,-2343.644360436962,0.0
"Arts, Entertainment, and Recreation",12205.0,16617.0,4412.0,1337.0124165892441,5450.492056205978,-2375.5044727952227,9.094947017729282e-13
Administrative and Support and Waste Management,73330.66666666667,70344.33333333333,-2986.333333333343,8033.10215895947,-6814.869503402302,-4204.565988890511,0.0
Transportation and Warehousing,60011.0,63247.0,3236.0,6573.982149277929,1386.5019888952118,-4724.48413817314,-9.094947017729282e-13
Health Care and Social Assistance,180704.33333333337,197126.33333333337,16422.0,19795.488520946197,7507.6228956773175,-10881.111416623515,0.0
Accommodation and Food Services,98826.0,112364.33333333331,13538.333333333314,10826.0212275173,15851.569919875164,-13139.257814059149,-1.8189894035458565e-12
