industry_code,industry_name,employment_2021,employment_2025,employment_growth_pct_2021_2025,wage_2021,wage_2025,wage_growth_pct_2021_2025,gdp_2021,gdp_2025,gdp_growth_pct_2021_2025,lq_2025,strategic_group
11,"Agriculture, Forestry, Fishing and Hunting",12266.333333333334,12791.666666666666,4.282725074050915,821,949,15.590742996345918,6945.1,8951.1,28.88367338123281,1.28,Growing and Specialized
21,"Mining, Quarrying, and Oil and Gas Extraction",5589.333333333333,6026.0,7.812500000000005,1072,1404,30.970149253731343,1325.6,1240.8,-6.397103198551596,1.15,Employment Growth but GDP Decline
22,Utilities,6130.333333333333,5898.0,-3.7898972323419016,2086,2398,14.956855225311601,3307.0,3793.7,14.717266404596305,1.07,Specialized with Employment Decline
23,Construction,59639.666666666664,69994.33333333333,17.36204651266774,1072,1415,31.99626865671642,7695.9,10696.6,38.99089125378449,0.98,Growing but Less Specialized
31-33,Manufacturing,158395.0,173843.33333333334,9.753043551458912,1231,1519,23.395613322502033,26585.3,36461.9,37.15060578590425,1.5,Growing and Specialized
42,Wholesale Trade,55024.666666666664,57732.666666666664,4.921429177217491,1492,1861,24.73190348525469,12499.7,16047.8,28.385481251550026,1.04,Growing and Specialized
44-45,Retail Trade,138341.33333333334,140036.33333333334,1.2252303481244458,568,711,25.176056338028168,12690.2,15517.0,22.27545665158941,1.0,Growing but Less Specialized
48-49,Transportation and Warehousing,60011.0,63247.0,5.392344736798254,865,1136,31.32947976878613,8143.4,9689.0,18.979787312424794,1.04,Growing and Specialized
51,Information,16225.0,17169.333333333332,5.8202362609142195,1644,1990,21.046228710462287,6656.9,4914.8,-26.1698388138623,0.65,Employment Growth but GDP Decline
52,Finance and Insurance,58035.0,57859.0,-0.303265270957181,1907,2362,23.859465128474042,10541.3,13333.2,26.48534810696974,1.0,GDP Growth but Employment Decline
53,Real Estate and Rental and Leasing,14835.333333333334,15562.0,4.898215970880326,890,1172,31.685393258426963,23474.0,31240.1,33.08383743716451,0.71,Growing but Less Specialized
54,"Professional, Scientific, and Technical Services",71604.66666666667,79290.0,10.733006228644308,1456,1944,33.51648351648351,10258.2,14717.8,43.47351387182935,0.8,Growing but Less Specialized
55,Management of Companies and Enterprises,21366.666666666668,21596.0,1.0733229329173108,2481,3684,48.48851269649335,3600.0,4573.5,27.041666666666668,0.9,Growing but Less Specialized
56,Administrative and Support and Waste Management,73330.66666666667,70344.33333333333,-4.0724208153023875,827,1129,36.51753325272068,5866.9,7417.0,26.421108251376374,0.88,GDP Growth but Employment Decline
61,Educational Services,14141.333333333334,14708.333333333334,4.009522911559495,723,883,22.130013831258644,1132.8,1416.0,25.000000000000007,0.49,Growing but Less Specialized
62,Health Care and Social Assistance,180704.33333333337,197126.33333333337,9.08777321333375,896,1109,23.772321428571427,14510.2,19321.7,33.1594326749459,0.94,Growing but Less Specialized
71,"Arts, Entertainment, and Recreation",12205.0,16617.0,36.14911921343712,435,533,22.528735632183906,826.5,1326.6,60.50816696914699,0.76,Growing but Less Specialized
72,Accommodation and Food Services,98826.0,112364.33333333331,13.699161489216719,347,419,20.7492795389049,4598.6,6278.8,36.53720697603618,0.88,Growing but Less Specialized
81,Other Services,31569.333333333332,37257.666666666664,18.018541200320985,722,942,30.47091412742382,4353.3,5810.3,33.468862701858356,0.88,Growing but Less Specialized
