industry_code,industry_name,year,qtr,avg_quarterly_employment,avg_wkly_wage,lq_month3_emplvl,oty_month3_emplvl_pct_chg,oty_avg_wkly_wage_pct_chg
11,"Agriculture, Forestry, Fishing and Hunting",2025,1,12791.666666666666,949,1.28,3.5,1.4
21,"Mining, Quarrying, and Oil and Gas Extraction",2025,1,6026.0,1404,1.15,-1.1,7.5
22,Utilities,2025,1,5898.0,2398,1.07,-1.1,0.1
23,Construction,2025,1,69994.33333333333,1415,0.98,5.8,6.0
31-33,Manufacturing,2025,1,173843.33333333334,1519,1.5,-0.5,3.5
42,Wholesale Trade,2025,1,57732.666666666664,1861,1.04,-1.9,2.9
44-45,Retail Trade,2025,1,140036.33333333334,711,1.0,-0.5,1.0
48-49,Transportation and Warehousing,2025,1,63247.0,1136,1.04,1.3,2.4
51,Information,2025,1,17169.333333333332,1990,0.65,-3.7,6.6
52,Finance and Insurance,2025,1,57859.0,2362,1.0,0.9,7.6
53,Real Estate and Rental and Leasing,2025,1,15562.0,1172,0.71,0.1,5.5
54,"Professional, Scientific, and Technical Services",2025,1,79290.0,1944,0.8,1.2,6.4
55,Management of Companies and Enterprises,2025,1,21596.0,3684,0.9,-2.1,4.8
56,Administrative and Support and Waste Management,2025,1,70344.33333333333,1129,0.88,-1.5,2.4
61,Educational Services,2025,1,14708.333333333334,883,0.49,4.0,5.6
62,Health Care and Social Assistance,2025,1,197126.33333333334,1109,0.94,2.5,3.4
71,"Arts, Entertainment, and Recreation",2025,1,16617.0,533,0.76,4.6,2.3
72,Accommodation and Food Services,2025,1,112364.33333333333,419,0.88,-1.7,0.7
81,Other Services,2025,1,37257.666666666664,942,0.88,4.7,4.0
