industry_code,industry_name,year,qtr,avg_quarterly_employment,avg_wkly_wage,lq_month3_emplvl
11,"Agriculture, Forestry, Fishing and Hunting",2021,1,12266.333333333334,821,1.15
21,"Mining, Quarrying, and Oil and Gas Extraction",2021,1,5589.333333333333,1072,1.2
22,Utilities,2021,1,6130.333333333333,2086,1.19
23,Construction,2021,1,59639.666666666664,1072,0.91
31-33,Manufacturing,2021,1,158395.0,1231,1.38
42,Wholesale Trade,2021,1,55024.666666666664,1492,1.04
44-45,Retail Trade,2021,1,138341.33333333334,568,0.97
48-49,Transportation and Warehousing,2021,1,60011.0,865,1.08
51,Information,2021,1,16225.0,1644,0.62
52,Finance and Insurance,2021,1,58035.0,1907,1.0
53,Real Estate and Rental and Leasing,2021,1,14835.333333333334,890,0.73
54,"Professional, Scientific, and Technical Services",2021,1,71604.66666666667,1456,0.78
55,Management of Companies and Enterprises,2021,1,21366.666666666668,2481,0.97
56,Administrative and Support and Waste Management,2021,1,73330.66666666667,827,0.9
61,Educational Services,2021,1,14141.333333333334,723,0.53
62,Health Care and Social Assistance,2021,1,180704.33333333334,896,0.96
71,"Arts, Entertainment, and Recreation",2021,1,12205.0,435,0.82
72,Accommodation and Food Services,2021,1,98826.0,347,0.94
81,Other Services,2021,1,31569.333333333332,722,0.83
11,"Agriculture, Forestry, Fishing and Hunting",2022,1,12130.0,882,1.16
21,"Mining, Quarrying, and Oil and Gas Extraction",2022,1,6011.666666666667,1283,1.21
22,Utilities,2022,1,6026.333333333333,2189,1.18
23,Construction,2022,1,61198.666666666664,1112,0.9
31-33,Manufacturing,2022,1,165661.66666666666,1369,1.42
42,Wholesale Trade,2022,1,56473.0,1649,1.04
44-45,Retail Trade,2022,1,139869.66666666666,647,0.99
48-49,Transportation and Warehousing,2022,1,64761.666666666664,959,1.08
51,Information,2022,1,18102.666666666668,1691,0.65
52,Finance and Insurance,2022,1,57351.333333333336,1946,0.99
53,Real Estate and Rental and Leasing,2022,1,14647.333333333334,969,0.69
54,"Professional, Scientific, and Technical Services",2022,1,73024.66666666667,1602,0.76
55,Management of Companies and Enterprises,2022,1,21142.0,3421,0.93
56,Administrative and Support and Waste Management,2022,1,80107.66666666667,981,0.93
61,Educational Services,2022,1,13094.0,747,0.47
62,Health Care and Social Assistance,2022,1,181020.66666666666,976,0.97
71,"Arts, Entertainment, and Recreation",2022,1,14086.333333333334,470,0.76
72,Accommodation and Food Services,2022,1,107638.66666666667,369,0.9
81,Other Services,2022,1,33038.333333333336,768,0.83
11,"Agriculture, Forestry, Fishing and Hunting",2023,1,12328.333333333334,911,1.22
21,"Mining, Quarrying, and Oil and Gas Extraction",2023,1,6313.0,1283,1.17
22,Utilities,2023,1,5697.666666666667,2313,1.09
23,Construction,2023,1,64895.0,1245,0.93
31-33,Manufacturing,2023,1,172976.0,1443,1.45
42,Wholesale Trade,2023,1,58535.333333333336,1767,1.04
44-45,Retail Trade,2023,1,141233.0,691,0.99
48-49,Transportation and Warehousing,2023,1,64086.333333333336,1062,1.08
51,Information,2023,1,18131.0,1801,0.64
52,Finance and Insurance,2023,1,57631.333333333336,2072,0.99
53,Real Estate and Rental and Leasing,2023,1,15161.666666666666,1069,0.69
54,"Professional, Scientific, and Technical Services",2023,1,78331.0,1726,0.79
55,Management of Companies and Enterprises,2023,1,22775.333333333332,3339,0.96
56,Administrative and Support and Waste Management,2023,1,75117.33333333333,1058,0.88
61,Educational Services,2023,1,13689.0,769,0.46
62,Health Care and Social Assistance,2023,1,187509.0,1045,0.97
71,"Arts, Entertainment, and Recreation",2023,1,15457.0,520,0.75
72,Accommodation and Food Services,2023,1,113115.66666666667,405,0.9
81,Other Services,2023,1,35314.666666666664,869,0.85
11,"Agriculture, Forestry, Fishing and Hunting",2024,1,12328.333333333334,936,1.2
21,"Mining, Quarrying, and Oil and Gas Extraction",2024,1,6087.0,1306,1.13
22,Utilities,2024,1,5962.333333333333,2395,1.1
23,Construction,2024,1,66345.66666666667,1335,0.94
31-33,Manufacturing,2024,1,174632.33333333334,1467,1.49
42,Wholesale Trade,2024,1,58823.666666666664,1808,1.05
44-45,Retail Trade,2024,1,140971.33333333334,704,1.0
48-49,Transportation and Warehousing,2024,1,62486.333333333336,1109,1.04
51,Information,2024,1,17759.333333333332,1866,0.66
52,Finance and Insurance,2024,1,57342.333333333336,2195,0.99
53,Real Estate and Rental and Leasing,2024,1,15511.666666666666,1111,0.71
54,"Professional, Scientific, and Technical Services",2024,1,78232.66666666667,1827,0.79
55,Management of Companies and Enterprises,2024,1,22049.0,3516,0.92
56,Administrative and Support and Waste Management,2024,1,72168.66666666667,1103,0.88
61,Educational Services,2024,1,14317.0,836,0.48
62,Health Care and Social Assistance,2024,1,192978.33333333334,1073,0.95
71,"Arts, Entertainment, and Recreation",2024,1,15889.0,521,0.74
72,Accommodation and Food Services,2024,1,113805.33333333333,416,0.9
81,Other Services,2024,1,35664.333333333336,906,0.85
11,"Agriculture, Forestry, Fishing and Hunting",2025,1,12791.666666666666,949,1.28
21,"Mining, Quarrying, and Oil and Gas Extraction",2025,1,6026.0,1404,1.15
22,Utilities,2025,1,5898.0,2398,1.07
23,Construction,2025,1,69994.33333333333,1415,0.98
31-33,Manufacturing,2025,1,173843.33333333334,1519,1.5
42,Wholesale Trade,2025,1,57732.666666666664,1861,1.04
44-45,Retail Trade,2025,1,140036.33333333334,711,1.0
48-49,Transportation and Warehousing,2025,1,63247.0,1136,1.04
51,Information,2025,1,17169.333333333332,1990,0.65
52,Finance and Insurance,2025,1,57859.0,2362,1.0
53,Real Estate and Rental and Leasing,2025,1,15562.0,1172,0.71
54,"Professional, Scientific, and Technical Services",2025,1,79290.0,1944,0.8
55,Management of Companies and Enterprises,2025,1,21596.0,3684,0.9
56,Administrative and Support and Waste Management,2025,1,70344.33333333333,1129,0.88
61,Educational Services,2025,1,14708.333333333334,883,0.49
62,Health Care and Social Assistance,2025,1,197126.33333333334,1109,0.94
71,"Arts, Entertainment, and Recreation",2025,1,16617.0,533,0.76
72,Accommodation and Food Services,2025,1,112364.33333333333,419,0.88
81,Other Services,2025,1,37257.666666666664,942,0.88
