industry_code,industry_name,us_employment_2021,us_employment_2025,us_growth_pct_2021_2025
71,"Arts, Entertainment, and Recreation",1561104.3333333333,2429273.3333333335,55.612490559567576
72,Accommodation and Food Services,10827890.666666666,13750826.333333334,26.994506655528365
61,Educational Services,2784363.3333333335,3294526.3333333335,18.322429184888463
81,Other Services,3953366.0,4619114.666666667,16.840046347003213
21,"Mining, Quarrying, and Oil and Gas Extraction",494747.0,571250.3333333334,15.463122228802472
62,Health Care and Social Assistance,19730424.0,22711547.666666668,15.109273205009016
48-49,Transportation and Warehousing,5820620.0,6592727.666666667,13.265041639321359
23,Construction,7021771.666666667,7928850.0,12.918083589065718
55,Management of Companies and Enterprises,2318664.6666666665,2597878.6666666665,12.042017287536476
54,"Professional, Scientific, and Technical Services",9638896.666666666,10749218.666666666,11.519181483081224
53,Real Estate and Rental and Leasing,2134569.0,2370375.0,11.047007616057387
22,Utilities,540943.0,595903.3333333334,10.160096966470288
42,Wholesale Trade,5573118.666666667,6026774.666666667,8.14007429472762
51,Information,2731565.3333333335,2857756.6666666665,4.619744283375479
31-33,Manufacturing,12151714.0,12595392.0,3.6511557135067534
52,Finance and Insurance,6096153.666666667,6294629.0,3.2557468887075793
56,Administrative and Support and Waste Management,8640069.666666666,8783606.0,1.661286758914644
44-45,Retail Trade,15070467.666666666,15293987.666666666,1.4831656518157599
11,"Agriculture, Forestry, Fishing and Hunting",1118475.6666666667,1094635.6666666667,-2.1314723878659856
